{"accuracy": 0.7200152788388082, "precision": 0.7555815742200627, "recall": 0.7200152788388082, "f1": 0.7147680463088845}